id,product_name,brand,category,gender,size,color,price,short_description,long_description,image_paths
38,Aldo Black Bags,Aldo,bags,Women,,Black,380000,Shop the  Black bags — a stylish women bags that blends comfort with timeless design. Perfect for elevating your wardrobe.,"The  Black bags is a premium women bags designed to offer exceptional quality and style. Featuring a carefully crafted silhouette, this piece combines classic aesthetics with modern comfort. Made from high-quality materials, it ensures durability and a refined look.. Suitable for a range of occasions, from casual outings to more polished events. Complete your look with this versatile  bags — a wardrobe essential.",product_images\Women\aldo_blackjpeg_38\image_1.jpeg
39,Aldo Grey Bags,Aldo,bags,Women,,Grey,380000,Add  Grey to your collection — quality women bags crafted for the modern individual. Order now!,"The  Grey bags is a premium women bags designed to offer exceptional quality and style. Featuring a carefully crafted silhouette, this piece combines classic aesthetics with modern comfort. Made from high-quality materials, it ensures durability and a refined look.. Suitable for a range of occasions, from casual outings to more polished events. Complete your look with this versatile  bags — a wardrobe essential.",product_images\Women\aldo_greyjpeg_39\image_1.jpeg
40,Aldo Black Bags,Aldo,bags,Women,,Black,380000,The  Black bags delivers premium quality with an impeccable fit. A must-have for discerning shoppers.,"The  Black bags is a premium women bags designed to offer exceptional quality and style. Featuring a carefully crafted silhouette, this piece combines classic aesthetics with modern comfort. Made from high-quality materials, it ensures durability and a refined look.. Suitable for a range of occasions, from casual outings to more polished events. Complete your look with this versatile  bags — a wardrobe essential.",product_images\Women\aldoblack_380kjpeg_40\image_1.jpeg|product_images\Women\aldoblack_380kjpeg_40\image_2.jpeg|product_images\Women\aldoblack_380kjpeg_40\image_3.jpeg
41,Aldo Black Bags,Aldo,bags,Women,,Black,380000,Add  Black to your collection — quality women bags crafted for the modern individual. Order now!,"The  Black bags is a premium women bags designed to offer exceptional quality and style. Featuring a carefully crafted silhouette, this piece combines classic aesthetics with modern comfort. Made from high-quality materials, it ensures durability and a refined look.. Suitable for a range of occasions, from casual outings to more polished events. Complete your look with this versatile  bags — a wardrobe essential.",product_images\Women\aldoblackjpeg_41\image_1.jpeg
42,Guess Yellow Bags,Guess,bags,Women,,Yellow,380000,Add  Yellow to your collection — quality women bags crafted for the modern individual. Order now!,"The  Yellow bags is a premium women bags designed to offer exceptional quality and style. Featuring a carefully crafted silhouette, this piece combines classic aesthetics with modern comfort. Made from high-quality materials, it ensures durability and a refined look.. Suitable for a range of occasions, from casual outings to more polished events. Complete your look with this versatile  bags — a wardrobe essential.",product_images\Women\guess_yellowjpeg_42\image_1.jpeg
43,On 34th Pink Bags,On 34th,bags,Women,,Pink,400000,"Discover  Pink bags — where elegance meets everyday comfort. Great value, lasting impression.","The  Pink bags is a premium women bags designed to offer exceptional quality and style. Featuring a carefully crafted silhouette, this piece combines classic aesthetics with modern comfort. Made from high-quality materials, it ensures durability and a refined look.. Suitable for a range of occasions, from casual outings to more polished events. Complete your look with this versatile  bags — a wardrobe essential.",product_images\Women\on34th_pinkjpeg_43\image_1.jpeg
44,Steve Madden Yellow Bags,Steve Madden,bags,Women,,Yellow,200000,Add  Yellow to your collection — quality women bags crafted for the modern individual. Order now!,"The  Yellow bags is a premium women bags designed to offer exceptional quality and style. Featuring a carefully crafted silhouette, this piece combines classic aesthetics with modern comfort. Made from high-quality materials, it ensures durability and a refined look.. Suitable for a range of occasions, from casual outings to more polished events. Complete your look with this versatile  bags — a wardrobe essential.",product_images\Women\steve_madden_yellowjpeg_44\image_1.jpeg
45,Black Bags,,bags,Women,,Black,400000,The  Black bags delivers premium quality with an impeccable fit. A must-have for discerning shoppers.,"The  Black bags is a premium women bags designed to offer exceptional quality and style. Featuring a carefully crafted silhouette, this piece combines classic aesthetics with modern comfort. Made from high-quality materials, it ensures durability and a refined look.. Suitable for a range of occasions, from casual outings to more polished events. Complete your look with this versatile  bags — a wardrobe essential.",product_images\Women\style_co_blackjpeg_45\image_1.jpeg
46,Maroon Bags,,bags,Women,,Maroon,400000,The  Maroon bags delivers premium quality with an impeccable fit. A must-have for discerning shoppers.,"The  Maroon bags is a premium women bags designed to offer exceptional quality and style. Featuring a carefully crafted silhouette, this piece combines classic aesthetics with modern comfort. Made from high-quality materials, it ensures durability and a refined look.. Suitable for a range of occasions, from casual outings to more polished events. Complete your look with this versatile  bags — a wardrobe essential.",product_images\Women\style_co_maroonjpeg_46\image_1.jpeg
47,Tommy Hilfiger Navy Bags,Tommy Hilfiger,bags,Women,,Navy,350000,"Discover  Navy bags — where elegance meets everyday comfort. Great value, lasting impression.","The  Navy bags is a premium women bags designed to offer exceptional quality and style. Featuring a carefully crafted silhouette, this piece combines classic aesthetics with modern comfort. Made from high-quality materials, it ensures durability and a refined look.. Suitable for a range of occasions, from casual outings to more polished events. Complete your look with this versatile  bags — a wardrobe essential.",product_images\Women\tommy_navyjpeg_47\image_1.jpeg
48,Anne Klein Green Blouses,Anne Klein,blouses,Women,,Green,250000,Shop the  Green blouses — a stylish women blouses that blends comfort with timeless design. Perfect for elevating your wardrobe.,"The  Green blouses is a premium women blouses designed to offer exceptional quality and style. Featuring a carefully crafted silhouette, this piece combines classic aesthetics with modern comfort. Made from high-quality materials, it ensures durability and a refined look.. Suitable for a range of occasions, from casual outings to more polished events. Complete your look with this versatile  blouses — a wardrobe essential.",product_images\Women\anne_klein_tropical_green_multisizesjpeg_48\image_1.jpeg
49,Calvin Klein Blouses (XS),Calvin Klein,blouses,Women,XS,,200000,The   blouses delivers premium quality with an impeccable fit. A must-have for discerning shoppers.,"The   blouses is a premium women blouses designed to offer exceptional quality and style. Featuring a carefully crafted silhouette, this piece combines classic aesthetics with modern comfort. Made from high-quality materials, it ensures durability and a refined look.. Suitable for a range of occasions, from casual outings to more polished events. Complete your look with this versatile  blouses — a wardrobe essential.",product_images\Women\calvin_klein_cayenne_size_xsjpeg_49\image_1.jpeg
50,DKNY Sequin Blouses (L),DKNY,blouses,Women,L,Sequin,300000,Add  Sequin to your collection — quality women blouses crafted for the modern individual. Order now!,"The  Sequin blouses is a premium women blouses designed to offer exceptional quality and style. Featuring a carefully crafted silhouette, this piece combines classic aesthetics with modern comfort. Made from high-quality materials, it ensures durability and a refined look.. Suitable for a range of occasions, from casual outings to more polished events. Complete your look with this versatile  blouses — a wardrobe essential.",product_images\Women\dknyblack_sequin_size_ljpeg_50\image_1.jpeg
51,Donna Karan Grey Blouses (XL),Donna Karan,blouses,Women,XL,Grey,420000,Shop the  Grey blouses — a stylish women blouses that blends comfort with timeless design. Perfect for elevating your wardrobe.,"The  Grey blouses is a premium women blouses designed to offer exceptional quality and style. Featuring a carefully crafted silhouette, this piece combines classic aesthetics with modern comfort. Made from high-quality materials, it ensures durability and a refined look.. Suitable for a range of occasions, from casual outings to more polished events. Complete your look with this versatile  blouses — a wardrobe essential.",product_images\Women\donna_karan_grey_size_xljpeg_51\image_1.jpeg
52,Donna Karan Peach Blouses (XS),Donna Karan,blouses,Women,XS,Peach,250000,Shop the  Peach blouses — a stylish women blouses that blends comfort with timeless design. Perfect for elevating your wardrobe.,"The  Peach blouses is a premium women blouses designed to offer exceptional quality and style. Featuring a carefully crafted silhouette, this piece combines classic aesthetics with modern comfort. Made from high-quality materials, it ensures durability and a refined look.. Suitable for a range of occasions, from casual outings to more polished events. Complete your look with this versatile  blouses — a wardrobe essential.",product_images\Women\donna_karan_nude_peach_size_xsjpeg_52\image_1.jpeg
53,Donna Karan Peach Blouses (XL),Donna Karan,blouses,Women,XL,Peach,250000,Shop the  Peach blouses — a stylish women blouses that blends comfort with timeless design. Perfect for elevating your wardrobe.,"The  Peach blouses is a premium women blouses designed to offer exceptional quality and style. Featuring a carefully crafted silhouette, this piece combines classic aesthetics with modern comfort. Made from high-quality materials, it ensures durability and a refined look.. Suitable for a range of occasions, from casual outings to more polished events. Complete your look with this versatile  blouses — a wardrobe essential.",product_images\Women\donna_karan_nude_peachsize_xljpeg_53\image_1.jpeg
54,Hawes & Curtis Floral Blouses,Hawes & Curtis,blouses,Women,,Floral,300000,"Discover  Floral blouses — where elegance meets everyday comfort. Great value, lasting impression.","The  Floral blouses is a premium women blouses designed to offer exceptional quality and style. Featuring a carefully crafted silhouette, this piece combines classic aesthetics with modern comfort. Made from high-quality materials, it ensures durability and a refined look.. Suitable for a range of occasions, from casual outings to more polished events. Complete your look with this versatile  blouses — a wardrobe essential.",product_images\Women\hawes_curtis_pink_floral_size12ukjpeg_54\image_1.jpeg
55,Light Blue Blouses,,blouses,Women,,Light Blue,300000,Add  Light Blue to your collection — quality women blouses crafted for the modern individual. Order now!,"The  Light Blue blouses is a premium women blouses designed to offer exceptional quality and style. Featuring a carefully crafted silhouette, this piece combines classic aesthetics with modern comfort. Made from high-quality materials, it ensures durability and a refined look.. Suitable for a range of occasions, from casual outings to more polished events. Complete your look with this versatile  blouses — a wardrobe essential.",product_images\Women\hawes_curtis_light_blue_red_size_12ukjpeg_55\image_1.jpeg
56,Hawes &Curtis Cream Blouses,Hawes &Curtis,blouses,Women,,Cream,300000,Shop the  Cream blouses — a stylish women blouses that blends comfort with timeless design. Perfect for elevating your wardrobe.,"The  Cream blouses is a premium women blouses designed to offer exceptional quality and style. Featuring a carefully crafted silhouette, this piece combines classic aesthetics with modern comfort. Made from high-quality materials, it ensures durability and a refined look.. Suitable for a range of occasions, from casual outings to more polished events. Complete your look with this versatile  blouses — a wardrobe essential.",product_images\Women\hawes_curtis_cream_size_18ukjpeg_56\image_1.jpeg
57,I.N.C Black Blouses (M),I.N.C,blouses,Women,M,Black,250000,The  Black blouses delivers premium quality with an impeccable fit. A must-have for discerning shoppers.,"The  Black blouses is a premium women blouses designed to offer exceptional quality and style. Featuring a carefully crafted silhouette, this piece combines classic aesthetics with modern comfort. Made from high-quality materials, it ensures durability and a refined look.. Suitable for a range of occasions, from casual outings to more polished events. Complete your look with this versatile  blouses — a wardrobe essential.",product_images\Women\inc_black_size_mjpeg_57\image_1.jpeg
58,I.N.C Green Blouses (S),I.N.C,blouses,Women,S,Green,250000,"Discover  Green blouses — where elegance meets everyday comfort. Great value, lasting impression.","The  Green blouses is a premium women blouses designed to offer exceptional quality and style. Featuring a carefully crafted silhouette, this piece combines classic aesthetics with modern comfort. Made from high-quality materials, it ensures durability and a refined look.. Suitable for a range of occasions, from casual outings to more polished events. Complete your look with this versatile  blouses — a wardrobe essential.",product_images\Women\inc_green_size_sjpeg_58\image_1.jpeg
59,I.N.C Floral Blouses (M),I.N.C,blouses,Women,M,Floral,380000,Add  Floral to your collection — quality women blouses crafted for the modern individual. Order now!,"The  Floral blouses is a premium women blouses designed to offer exceptional quality and style. Featuring a carefully crafted silhouette, this piece combines classic aesthetics with modern comfort. Made from high-quality materials, it ensures durability and a refined look.. Suitable for a range of occasions, from casual outings to more polished events. Complete your look with this versatile  blouses — a wardrobe essential.",product_images\Women\inc_green_floral_size_mjpeg_59\image_1.jpeg
60,I.N.C Floral Blouses (M),I.N.C,blouses,Women,M,Floral,250000,Add  Floral to your collection — quality women blouses crafted for the modern individual. Order now!,"The  Floral blouses is a premium women blouses designed to offer exceptional quality and style. Featuring a carefully crafted silhouette, this piece combines classic aesthetics with modern comfort. Made from high-quality materials, it ensures durability and a refined look.. Suitable for a range of occasions, from casual outings to more polished events. Complete your look with this versatile  blouses — a wardrobe essential.",product_images\Women\inc_red_floral_size_mjpeg_60\image_1.jpeg
61,I.N.C Black Blouses (XS),I.N.C,blouses,Women,XS,Black,250000,The  Black blouses delivers premium quality with an impeccable fit. A must-have for discerning shoppers.,"The  Black blouses is a premium women blouses designed to offer exceptional quality and style. Featuring a carefully crafted silhouette, this piece combines classic aesthetics with modern comfort. Made from high-quality materials, it ensures durability and a refined look.. Suitable for a range of occasions, from casual outings to more polished events. Complete your look with this versatile  blouses — a wardrobe essential.",product_images\Women\inc_lime_black_size_xsjpeg_61\image_1.jpeg
62,I.N.C Pattern Blouses (XXL),I.N.C,blouses,Women,XXL,Pattern,380000,"Discover  Pattern blouses — where elegance meets everyday comfort. Great value, lasting impression.","The  Pattern blouses is a premium women blouses designed to offer exceptional quality and style. Featuring a carefully crafted silhouette, this piece combines classic aesthetics with modern comfort. Made from high-quality materials, it ensures durability and a refined look.. Suitable for a range of occasions, from casual outings to more polished events. Complete your look with this versatile  blouses — a wardrobe essential.",product_images\Women\inc_yellow_white_patterns_size_xxljpeg_62\image_1.jpeg
63,I.N.C Red Blouses,I.N.C,blouses,Women,,Red,250000,"Discover  Red blouses — where elegance meets everyday comfort. Great value, lasting impression.","The  Red blouses is a premium women blouses designed to offer exceptional quality and style. Featuring a carefully crafted silhouette, this piece combines classic aesthetics with modern comfort. Made from high-quality materials, it ensures durability and a refined look.. Suitable for a range of occasions, from casual outings to more polished events. Complete your look with this versatile  blouses — a wardrobe essential.",product_images\Women\inc-pink-red-xl-250k-3topsjpgjpeg_63\image_1.jpeg
64,Kasper green floral Blouses (XL),Kasper green floral,blouses,Women,XL,Floral,250000,The  Floral blouses delivers premium quality with an impeccable fit. A must-have for discerning shoppers.,"The  Floral blouses is a premium women blouses designed to offer exceptional quality and style. Featuring a carefully crafted silhouette, this piece combines classic aesthetics with modern comfort. Made from high-quality materials, it ensures durability and a refined look.. Suitable for a range of occasions, from casual outings to more polished events. Complete your look with this versatile  blouses — a wardrobe essential.",product_images\Women\kasper_green_floralsize_xljpeg_64\image_1.jpeg
65,Kasper orange floral Blouses (M),Kasper orange floral,blouses,Women,M,Floral,380000,Add  Floral to your collection — quality women blouses crafted for the modern individual. Order now!,"The  Floral blouses is a premium women blouses designed to offer exceptional quality and style. Featuring a carefully crafted silhouette, this piece combines classic aesthetics with modern comfort. Made from high-quality materials, it ensures durability and a refined look.. Suitable for a range of occasions, from casual outings to more polished events. Complete your look with this versatile  blouses — a wardrobe essential.",product_images\Women\kasper_orange_floral_size_mjpeg_65\image_1.jpeg
66,Kasper Floral Blouses (S),Kasper,blouses,Women,S,Floral,300000,The  Floral blouses delivers premium quality with an impeccable fit. A must-have for discerning shoppers.,"The  Floral blouses is a premium women blouses designed to offer exceptional quality and style. Featuring a carefully crafted silhouette, this piece combines classic aesthetics with modern comfort. Made from high-quality materials, it ensures durability and a refined look.. Suitable for a range of occasions, from casual outings to more polished events. Complete your look with this versatile  blouses — a wardrobe essential.",product_images\Women\kasper_green_floralsize_sjpeg_66\image_1.jpeg
67,Kasper Red Blouses,Kasper,blouses,Women,,Red,250000,The  Red blouses delivers premium quality with an impeccable fit. A must-have for discerning shoppers.,"The  Red blouses is a premium women blouses designed to offer exceptional quality and style. Featuring a carefully crafted silhouette, this piece combines classic aesthetics with modern comfort. Made from high-quality materials, it ensures durability and a refined look.. Suitable for a range of occasions, from casual outings to more polished events. Complete your look with this versatile  blouses — a wardrobe essential.",product_images\Women\kasper_multi_colored_size_1xjpeg_67\image_1.jpeg
68,Kasper Floral Blouses (PM),Kasper,blouses,Women,PM,Floral,250000,"Discover  Floral blouses — where elegance meets everyday comfort. Great value, lasting impression.","The  Floral blouses is a premium women blouses designed to offer exceptional quality and style. Featuring a carefully crafted silhouette, this piece combines classic aesthetics with modern comfort. Made from high-quality materials, it ensures durability and a refined look.. Suitable for a range of occasions, from casual outings to more polished events. Complete your look with this versatile  blouses — a wardrobe essential.",product_images\Women\kasper_multi_floral_size_pmjpeg_68\image_1.jpeg
69,Kasper Blouses (L),Kasper,blouses,Women,L,,250000,Add   to your collection — quality women blouses crafted for the modern individual. Order now!,"The   blouses is a premium women blouses designed to offer exceptional quality and style. Featuring a carefully crafted silhouette, this piece combines classic aesthetics with modern comfort. Made from high-quality materials, it ensures durability and a refined look.. Suitable for a range of occasions, from casual outings to more polished events. Complete your look with this versatile  blouses — a wardrobe essential.",product_images\Women\kasper_size_l_usjpeg_69\image_1.jpeg
70,MNG Cream Blouses (S),MNG,blouses,Women,S,Cream,200000,Add  Cream to your collection — quality women blouses crafted for the modern individual. Order now!,"The  Cream blouses is a premium women blouses designed to offer exceptional quality and style. Featuring a carefully crafted silhouette, this piece combines classic aesthetics with modern comfort. Made from high-quality materials, it ensures durability and a refined look.. Suitable for a range of occasions, from casual outings to more polished events. Complete your look with this versatile  blouses — a wardrobe essential.",product_images\Women\mng_cream_size_sjpeg_70\image_1.jpeg
71,MNG Orange Blouses (M),MNG,blouses,Women,M,Orange,250000,The  Orange blouses delivers premium quality with an impeccable fit. A must-have for discerning shoppers.,"The  Orange blouses is a premium women blouses designed to offer exceptional quality and style. Featuring a carefully crafted silhouette, this piece combines classic aesthetics with modern comfort. Made from high-quality materials, it ensures durability and a refined look.. Suitable for a range of occasions, from casual outings to more polished events. Complete your look with this versatile  blouses — a wardrobe essential.",product_images\Women\mng_burnt_orange_size_mjpeg_71\image_1.jpeg
72,MNG Blouses (S),MNG,blouses,Women,S,,150000,"Discover   blouses — where elegance meets everyday comfort. Great value, lasting impression.","The   blouses is a premium women blouses designed to offer exceptional quality and style. Featuring a carefully crafted silhouette, this piece combines classic aesthetics with modern comfort. Made from high-quality materials, it ensures durability and a refined look.. Suitable for a range of occasions, from casual outings to more polished events. Complete your look with this versatile  blouses — a wardrobe essential.",product_images\Women\mng_sliver_size_s_150kjpeg_72\image_1.jpeg
73,MNG Blouses (S),MNG,blouses,Women,S,,150000,Add   to your collection — quality women blouses crafted for the modern individual. Order now!,"The   blouses is a premium women blouses designed to offer exceptional quality and style. Featuring a carefully crafted silhouette, this piece combines classic aesthetics with modern comfort. Made from high-quality materials, it ensures durability and a refined look.. Suitable for a range of occasions, from casual outings to more polished events. Complete your look with this versatile  blouses — a wardrobe essential.",product_images\Women\mng_sliver_size_sjpeg_73\image_1.jpeg
74,ON.34TH BLACK Blouses,ON.34TH BLACK,blouses,Women,,Black,200000,Shop the  Black blouses — a stylish women blouses that blends comfort with timeless design. Perfect for elevating your wardrobe.,"The  Black blouses is a premium women blouses designed to offer exceptional quality and style. Featuring a carefully crafted silhouette, this piece combines classic aesthetics with modern comfort. Made from high-quality materials, it ensures durability and a refined look.. Suitable for a range of occasions, from casual outings to more polished events. Complete your look with this versatile  blouses — a wardrobe essential.",product_images\Women\on34th_black_size_0xjpeg_74\image_1.jpeg
75,Blouses (S),,blouses,Women,S,,175000,"Discover   blouses — where elegance meets everyday comfort. Great value, lasting impression.","The   blouses is a premium women blouses designed to offer exceptional quality and style. Featuring a carefully crafted silhouette, this piece combines classic aesthetics with modern comfort. Made from high-quality materials, it ensures durability and a refined look.. Suitable for a range of occasions, from casual outings to more polished events. Complete your look with this versatile  blouses — a wardrobe essential.",product_images\Women\style_co_size_sjpeg_75\image_1.jpeg
76,Tommy Hilfiger Orange Blouses (XL),Tommy Hilfiger,blouses,Women,XL,Orange,250000,Add  Orange to your collection — quality women blouses crafted for the modern individual. Order now!,"The  Orange blouses is a premium women blouses designed to offer exceptional quality and style. Featuring a carefully crafted silhouette, this piece combines classic aesthetics with modern comfort. Made from high-quality materials, it ensures durability and a refined look.. Suitable for a range of occasions, from casual outings to more polished events. Complete your look with this versatile  blouses — a wardrobe essential.",product_images\Women\tommy_hilfiger_burnt_orange_size_xljpeg_76\image_1.jpeg
77,Vince Camuto Black Blouses (M),Vince Camuto,blouses,Women,M,Black,250000,"Discover  Black blouses — where elegance meets everyday comfort. Great value, lasting impression.","The  Black blouses is a premium women blouses designed to offer exceptional quality and style. Featuring a carefully crafted silhouette, this piece combines classic aesthetics with modern comfort. Made from high-quality materials, it ensures durability and a refined look.. Suitable for a range of occasions, from casual outings to more polished events. Complete your look with this versatile  blouses — a wardrobe essential.",product_images\Women\vince_camuto_black_goldsize_mjpeg_77\image_1.jpeg
78,Vince Camuto Red Blouses (XS),Vince Camuto,blouses,Women,XS,Red,300000,Shop the  Red blouses — a stylish women blouses that blends comfort with timeless design. Perfect for elevating your wardrobe.,"The  Red blouses is a premium women blouses designed to offer exceptional quality and style. Featuring a carefully crafted silhouette, this piece combines classic aesthetics with modern comfort. Made from high-quality materials, it ensures durability and a refined look.. Suitable for a range of occasions, from casual outings to more polished events. Complete your look with this versatile  blouses — a wardrobe essential.",product_images\Women\vince_camuto_mustered_size_xsjpeg_78\image_1.jpeg
79,Zara Brown Blouses (M),Zara,blouses,Women,M,Brown,200000,"Discover  Brown blouses — where elegance meets everyday comfort. Great value, lasting impression.","The  Brown blouses is a premium women blouses designed to offer exceptional quality and style. Featuring a carefully crafted silhouette, this piece combines classic aesthetics with modern comfort. Made from high-quality materials, it ensures durability and a refined look.. Suitable for a range of occasions, from casual outings to more polished events. Complete your look with this versatile  blouses — a wardrobe essential.",product_images\Women\zara_brown_satin_size_mjpeg_79\image_1.jpeg
80,Zara Navy Blue Blouses (M),Zara,blouses,Women,M,Navy Blue,200000,Shop the  Navy Blue blouses — a stylish women blouses that blends comfort with timeless design. Perfect for elevating your wardrobe.,"The  Navy Blue blouses is a premium women blouses designed to offer exceptional quality and style. Featuring a carefully crafted silhouette, this piece combines classic aesthetics with modern comfort. Made from high-quality materials, it ensures durability and a refined look.. Suitable for a range of occasions, from casual outings to more polished events. Complete your look with this versatile  blouses — a wardrobe essential.",product_images\Women\zaranavy_bluesize_mjpeg_80\image_1.jpeg
81,Adrianna Papell Maroon Dresses (12 US),Adrianna Papell,dresses,Women,12 US,Maroon,600000,Shop the  Maroon dresses — a stylish women dresses that blends comfort with timeless design. Perfect for elevating your wardrobe.,"The  Maroon dresses is a premium women dresses designed to offer exceptional quality and style. Featuring a carefully crafted silhouette, this piece combines classic aesthetics with modern comfort. Made from high-quality materials, it ensures durability and a refined look.. Suitable for a range of occasions, from casual outings to more polished events. Complete your look with this versatile  dresses — a wardrobe essential.",product_images\Women\adrianna_papell_maroon_size_12usjpeg_81\image_1.jpeg
82,Adrianna Papell Maroon Dresses (14 US),Adrianna Papell,dresses,Women,14 US,Maroon,980000,The  Maroon dresses delivers premium quality with an impeccable fit. A must-have for discerning shoppers.,"The  Maroon dresses is a premium women dresses designed to offer exceptional quality and style. Featuring a carefully crafted silhouette, this piece combines classic aesthetics with modern comfort. Made from high-quality materials, it ensures durability and a refined look.. Suitable for a range of occasions, from casual outings to more polished events. Complete your look with this versatile  dresses — a wardrobe essential.",product_images\Women\adrianna_papell_maroon_size_14usjpeg_82\image_1.jpeg
83,Adrianna Papell Navy Dresses (4 US),Adrianna Papell,dresses,Women,4 US,Navy,540000,The  Navy dresses delivers premium quality with an impeccable fit. A must-have for discerning shoppers.,"The  Navy dresses is a premium women dresses designed to offer exceptional quality and style. Featuring a carefully crafted silhouette, this piece combines classic aesthetics with modern comfort. Made from high-quality materials, it ensures durability and a refined look.. Suitable for a range of occasions, from casual outings to more polished events. Complete your look with this versatile  dresses — a wardrobe essential.",product_images\Women\adrianna_papell_navy_size_4usjpeg_83\image_1.jpeg
84,Anne Klein Dresses (6 US),Anne Klein,dresses,Women,6 US,,540000,Shop the   dresses — a stylish women dresses that blends comfort with timeless design. Perfect for elevating your wardrobe.,"The   dresses is a premium women dresses designed to offer exceptional quality and style. Featuring a carefully crafted silhouette, this piece combines classic aesthetics with modern comfort. Made from high-quality materials, it ensures durability and a refined look.. Suitable for a range of occasions, from casual outings to more polished events. Complete your look with this versatile  dresses — a wardrobe essential.",product_images\Women\anne_klein_soft_aloe_size_6usjpeg_84\image_1.jpeg
85,Calvin Klein Navy Dresses (10 US),Calvin Klein,dresses,Women,10 US,Navy,540000,"Discover  Navy dresses — where elegance meets everyday comfort. Great value, lasting impression.","The  Navy dresses is a premium women dresses designed to offer exceptional quality and style. Featuring a carefully crafted silhouette, this piece combines classic aesthetics with modern comfort. Made from high-quality materials, it ensures durability and a refined look.. Suitable for a range of occasions, from casual outings to more polished events. Complete your look with this versatile  dresses — a wardrobe essential.",product_images\Women\calvin_klein_navy_size_10usjpeg_85\image_1.jpeg
86,Calvin Klein Navy Dresses (8 US),Calvin Klein,dresses,Women,8 US,Navy,540000,Add  Navy to your collection — quality women dresses crafted for the modern individual. Order now!,"The  Navy dresses is a premium women dresses designed to offer exceptional quality and style. Featuring a carefully crafted silhouette, this piece combines classic aesthetics with modern comfort. Made from high-quality materials, it ensures durability and a refined look.. Suitable for a range of occasions, from casual outings to more polished events. Complete your look with this versatile  dresses — a wardrobe essential.",product_images\Women\calvin_klein_navy_size_8usjpeg_86\image_1.jpeg
87,Calvin Klein Dresses (6 US),Calvin Klein,dresses,Women,6 US,,580000,"Discover   dresses — where elegance meets everyday comfort. Great value, lasting impression.","The   dresses is a premium women dresses designed to offer exceptional quality and style. Featuring a carefully crafted silhouette, this piece combines classic aesthetics with modern comfort. Made from high-quality materials, it ensures durability and a refined look.. Suitable for a range of occasions, from casual outings to more polished events. Complete your look with this versatile  dresses — a wardrobe essential.",product_images\Women\calvin_klein_size_6usjpeg_87\image_1.jpeg
88,Connected Apparel Floral Dresses,Connected Apparel,dresses,Women,,Floral,450000,"Discover  Floral dresses — where elegance meets everyday comfort. Great value, lasting impression.","The  Floral dresses is a premium women dresses designed to offer exceptional quality and style. Featuring a carefully crafted silhouette, this piece combines classic aesthetics with modern comfort. Made from high-quality materials, it ensures durability and a refined look.. Suitable for a range of occasions, from casual outings to more polished events. Complete your look with this versatile  dresses — a wardrobe essential.",product_images\Women\connected_apparel_multi_floral_size_20wjpeg_88\image_1.jpeg
89,DKNY Floral Dresses (12 US),DKNY,dresses,Women,12 US,Floral,830000,Shop the  Floral dresses — a stylish women dresses that blends comfort with timeless design. Perfect for elevating your wardrobe.,"The  Floral dresses is a premium women dresses designed to offer exceptional quality and style. Featuring a carefully crafted silhouette, this piece combines classic aesthetics with modern comfort. Made from high-quality materials, it ensures durability and a refined look.. Suitable for a range of occasions, from casual outings to more polished events. Complete your look with this versatile  dresses — a wardrobe essential.",product_images\Women\dkny_green_floral_size_12usjpeg_89\image_1.jpeg
90,DKNY Dresses (16 US),DKNY,dresses,Women,16 US,,450000,The   dresses delivers premium quality with an impeccable fit. A must-have for discerning shoppers.,"The   dresses is a premium women dresses designed to offer exceptional quality and style. Featuring a carefully crafted silhouette, this piece combines classic aesthetics with modern comfort. Made from high-quality materials, it ensures durability and a refined look.. Suitable for a range of occasions, from casual outings to more polished events. Complete your look with this versatile  dresses — a wardrobe essential.",product_images\Women\dkny_linen_blend_size_16usjpeg_90\image_1.jpeg
91,DKNY Sequin Dresses (6 US),DKNY,dresses,Women,6 US,Sequin,580000,Shop the  Sequin dresses — a stylish women dresses that blends comfort with timeless design. Perfect for elevating your wardrobe.,"The  Sequin dresses is a premium women dresses designed to offer exceptional quality and style. Featuring a carefully crafted silhouette, this piece combines classic aesthetics with modern comfort. Made from high-quality materials, it ensures durability and a refined look.. Suitable for a range of occasions, from casual outings to more polished events. Complete your look with this versatile  dresses — a wardrobe essential.",product_images\Women\dkny_black_sequin_size_6usjpeg_91\image_1.jpeg
92,DKNY Orange Dresses,DKNY,dresses,Women,,Orange,540000,The  Orange dresses delivers premium quality with an impeccable fit. A must-have for discerning shoppers.,"The  Orange dresses is a premium women dresses designed to offer exceptional quality and style. Featuring a carefully crafted silhouette, this piece combines classic aesthetics with modern comfort. Made from high-quality materials, it ensures durability and a refined look.. Suitable for a range of occasions, from casual outings to more polished events. Complete your look with this versatile  dresses — a wardrobe essential.",product_images\Women\dkny_orange_size12jpeg_92\image_1.jpeg
93,DKNY Green Dresses (8 US),DKNY,dresses,Women,8 US,Green,310000,"Discover  Green dresses — where elegance meets everyday comfort. Great value, lasting impression.","The  Green dresses is a premium women dresses designed to offer exceptional quality and style. Featuring a carefully crafted silhouette, this piece combines classic aesthetics with modern comfort. Made from high-quality materials, it ensures durability and a refined look.. Suitable for a range of occasions, from casual outings to more polished events. Complete your look with this versatile  dresses — a wardrobe essential.",product_images\Women\dkny_green_size_8usjpeg_93\image_1.jpeg
94,Donna Karan Navy Dresses (6 US),Donna Karan,dresses,Women,6 US,Navy,540000,The  Navy dresses delivers premium quality with an impeccable fit. A must-have for discerning shoppers.,"The  Navy dresses is a premium women dresses designed to offer exceptional quality and style. Featuring a carefully crafted silhouette, this piece combines classic aesthetics with modern comfort. Made from high-quality materials, it ensures durability and a refined look.. Suitable for a range of occasions, from casual outings to more polished events. Complete your look with this versatile  dresses — a wardrobe essential.",product_images\Women\donna_karan_navy_gold_buttons_size_6usjpeg_94\image_1.jpeg
95,Dresse The Population Maroon Dresses (S),Dresse The Population,dresses,Women,S,Maroon,0,Shop the  Maroon dresses — a stylish women dresses that blends comfort with timeless design. Perfect for elevating your wardrobe.,"The  Maroon dresses is a premium women dresses designed to offer exceptional quality and style. Featuring a carefully crafted silhouette, this piece combines classic aesthetics with modern comfort. Made from high-quality materials, it ensures durability and a refined look.. Suitable for a range of occasions, from casual outings to more polished events. Complete your look with this versatile  dresses — a wardrobe essential.",product_images\Women\dresse_the_population_maroon_size_s_12mjpeg_95\image_1.jpeg
96,Eliza Sequin Dresses (2 US),Eliza,dresses,Women,2 US,Sequin,800000,Add  Sequin to your collection — quality women dresses crafted for the modern individual. Order now!,"The  Sequin dresses is a premium women dresses designed to offer exceptional quality and style. Featuring a carefully crafted silhouette, this piece combines classic aesthetics with modern comfort. Made from high-quality materials, it ensures durability and a refined look.. Suitable for a range of occasions, from casual outings to more polished events. Complete your look with this versatile  dresses — a wardrobe essential.",product_images\Women\elizagold_sequins_size_2usjpeg_96\image_1.jpeg
97,French Connection Blue Dresses (M),French Connection,dresses,Women,M,Blue,300000,"Discover  Blue dresses — where elegance meets everyday comfort. Great value, lasting impression.","The  Blue dresses is a premium women dresses designed to offer exceptional quality and style. Featuring a carefully crafted silhouette, this piece combines classic aesthetics with modern comfort. Made from high-quality materials, it ensures durability and a refined look.. Suitable for a range of occasions, from casual outings to more polished events. Complete your look with this versatile  dresses — a wardrobe essential.",product_images\Women\french_connection_blue_stripped_sizes_m_and_xljpeg_97\image_1.jpeg
98,Hush Print Dresses,Hush,dresses,Women,,Print,550000,"Discover  Print dresses — where elegance meets everyday comfort. Great value, lasting impression.","The  Print dresses is a premium women dresses designed to offer exceptional quality and style. Featuring a carefully crafted silhouette, this piece combines classic aesthetics with modern comfort. Made from high-quality materials, it ensures durability and a refined look.. Suitable for a range of occasions, from casual outings to more polished events. Complete your look with this versatile  dresses — a wardrobe essential.",product_images\Women\hush_snake_print_sizemjpeg_98\image_1.jpeg
99,Karl Lagerfeld Red Dresses (8 US),Karl Lagerfeld,dresses,Women,8 US,Red,540000,"Discover  Red dresses — where elegance meets everyday comfort. Great value, lasting impression.","The  Red dresses is a premium women dresses designed to offer exceptional quality and style. Featuring a carefully crafted silhouette, this piece combines classic aesthetics with modern comfort. Made from high-quality materials, it ensures durability and a refined look.. Suitable for a range of occasions, from casual outings to more polished events. Complete your look with this versatile  dresses — a wardrobe essential.",product_images\Women\karl_lagerfeld_multi_colored_size_8usjpeg_99\image_1.jpeg
100,Karl Lagerfeld Pink Dresses (8 US),Karl Lagerfeld,dresses,Women,8 US,Pink,540000,The  Pink dresses delivers premium quality with an impeccable fit. A must-have for discerning shoppers.,"The  Pink dresses is a premium women dresses designed to offer exceptional quality and style. Featuring a carefully crafted silhouette, this piece combines classic aesthetics with modern comfort. Made from high-quality materials, it ensures durability and a refined look.. Suitable for a range of occasions, from casual outings to more polished events. Complete your look with this versatile  dresses — a wardrobe essential.",product_images\Women\karl_lagerfeld_pink_size_8usjpeg_100\image_1.jpeg
101,Kasper Gold Dresses (4 US),Kasper,dresses,Women,4 US,Gold,650000,Shop the  Gold dresses — a stylish women dresses that blends comfort with timeless design. Perfect for elevating your wardrobe.,"The  Gold dresses is a premium women dresses designed to offer exceptional quality and style. Featuring a carefully crafted silhouette, this piece combines classic aesthetics with modern comfort. Made from high-quality materials, it ensures durability and a refined look.. Suitable for a range of occasions, from casual outings to more polished events. Complete your look with this versatile  dresses — a wardrobe essential.",product_images\Women\kasper_gold_jacket_size_4us_backjpeg_101\image_1.jpeg
102,Kasper Gold Dresses (4 US),Kasper,dresses,Women,4 US,Gold,650000,Shop the  Gold dresses — a stylish women dresses that blends comfort with timeless design. Perfect for elevating your wardrobe.,"The  Gold dresses is a premium women dresses designed to offer exceptional quality and style. Featuring a carefully crafted silhouette, this piece combines classic aesthetics with modern comfort. Made from high-quality materials, it ensures durability and a refined look.. Suitable for a range of occasions, from casual outings to more polished events. Complete your look with this versatile  dresses — a wardrobe essential.",product_images\Women\kasper_gold_jacket_size_4usjpeg_102\image_1.jpeg
103,Kasper Green Dresses (10 US),Kasper,dresses,Women,10 US,Green,450000,"Discover  Green dresses — where elegance meets everyday comfort. Great value, lasting impression.","The  Green dresses is a premium women dresses designed to offer exceptional quality and style. Featuring a carefully crafted silhouette, this piece combines classic aesthetics with modern comfort. Made from high-quality materials, it ensures durability and a refined look.. Suitable for a range of occasions, from casual outings to more polished events. Complete your look with this versatile  dresses — a wardrobe essential.",product_images\Women\kasper_green_size_10usjpeg_103\image_1.jpeg
104,Kasper Dresses (14 US),Kasper,dresses,Women,14 US,,540000,Add   to your collection — quality women dresses crafted for the modern individual. Order now!,"The   dresses is a premium women dresses designed to offer exceptional quality and style. Featuring a carefully crafted silhouette, this piece combines classic aesthetics with modern comfort. Made from high-quality materials, it ensures durability and a refined look.. Suitable for a range of occasions, from casual outings to more polished events. Complete your look with this versatile  dresses — a wardrobe essential.",product_images\Women\kasper_lime_size_14usjpeg_104\image_1.jpeg
105,Tahari Cream Dresses,Tahari,dresses,Women,,Cream,450000,"Discover  Cream dresses — where elegance meets everyday comfort. Great value, lasting impression.","The  Cream dresses is a premium women dresses designed to offer exceptional quality and style. Featuring a carefully crafted silhouette, this piece combines classic aesthetics with modern comfort. Made from high-quality materials, it ensures durability and a refined look.. Suitable for a range of occasions, from casual outings to more polished events. Complete your look with this versatile  dresses — a wardrobe essential.",product_images\Women\tahari_cream_size_18jpeg_105\image_1.jpeg
106,Tommy Hilfiger Navy Dresses (12 US),Tommy Hilfiger,dresses,Women,12 US,Navy,540000,"Discover  Navy dresses — where elegance meets everyday comfort. Great value, lasting impression.","The  Navy dresses is a premium women dresses designed to offer exceptional quality and style. Featuring a carefully crafted silhouette, this piece combines classic aesthetics with modern comfort. Made from high-quality materials, it ensures durability and a refined look.. Suitable for a range of occasions, from casual outings to more polished events. Complete your look with this versatile  dresses — a wardrobe essential.",product_images\Women\tommy_hilfiger_navy_team_flowers_size_12usjpeg_106\image_1.jpeg
107,Zara Checked Dresses (M),Zara,dresses,Women,M,Checked,500000,The  Checked dresses delivers premium quality with an impeccable fit. A must-have for discerning shoppers.,"The  Checked dresses is a premium women dresses designed to offer exceptional quality and style. Featuring a carefully crafted silhouette, this piece combines classic aesthetics with modern comfort. Made from high-quality materials, it ensures durability and a refined look.. Suitable for a range of occasions, from casual outings to more polished events. Complete your look with this versatile  dresses — a wardrobe essential.",product_images\Women\zara_checked_size_mjpeg_107\image_1.jpeg
108,Aldo Gold Shoes (8.5 US),Aldo,shoes,Women,8.5 US,Gold,350000,"Discover  Gold shoes — where elegance meets everyday comfort. Great value, lasting impression.","The  Gold shoes is a premium women shoes designed to offer exceptional quality and style. Featuring a carefully crafted silhouette, this piece combines classic aesthetics with modern comfort. Made from high-quality materials, it ensures durability and a refined look.. Suitable for a range of occasions, from casual outings to more polished events. Complete your look with this versatile  shoes — a wardrobe essential.",product_images\Women\aldo_gold_size_85_usjpeg_108\image_1.jpeg
109,Aldo Multi Shoes,Aldo,shoes,Women,,Multi,400000,The  Multi shoes delivers premium quality with an impeccable fit. A must-have for discerning shoppers.,"The  Multi shoes is a premium women shoes designed to offer exceptional quality and style. Featuring a carefully crafted silhouette, this piece combines classic aesthetics with modern comfort. Made from high-quality materials, it ensures durability and a refined look.. Suitable for a range of occasions, from casual outings to more polished events. Complete your look with this versatile  shoes — a wardrobe essential.",product_images\Women\aldo_multi_size_10m_us_400kjpeg_109\image_1.jpeg|product_images\Women\aldo_multi_size_10m_us_400kjpeg_109\image_2.jpeg
110,Stones Shoes (9.5 US),,shoes,Women,9.5 US,Stones,700000,Add  Stones to your collection — quality women shoes crafted for the modern individual. Order now!,"The  Stones shoes is a premium women shoes designed to offer exceptional quality and style. Featuring a carefully crafted silhouette, this piece combines classic aesthetics with modern comfort. Made from high-quality materials, it ensures durability and a refined look.. Suitable for a range of occasions, from casual outings to more polished events. Complete your look with this versatile  shoes — a wardrobe essential.",product_images\Women\besty_johnson_gold_stones_size_95us_700kjpeg_110\image_1.jpeg
111,Stones Shoes (9.5 US),,shoes,Women,9.5 US,Stones,700000,"Discover  Stones shoes — where elegance meets everyday comfort. Great value, lasting impression.","The  Stones shoes is a premium women shoes designed to offer exceptional quality and style. Featuring a carefully crafted silhouette, this piece combines classic aesthetics with modern comfort. Made from high-quality materials, it ensures durability and a refined look.. Suitable for a range of occasions, from casual outings to more polished events. Complete your look with this versatile  shoes — a wardrobe essential.",product_images\Women\besty_johnson_gold_stones_size_95usjpeg_111\image_1.jpeg
112,Black Shoes,,shoes,Women,,Black,300000,The  Black shoes delivers premium quality with an impeccable fit. A must-have for discerning shoppers.,"The  Black shoes is a premium women shoes designed to offer exceptional quality and style. Featuring a carefully crafted silhouette, this piece combines classic aesthetics with modern comfort. Made from high-quality materials, it ensures durability and a refined look.. Suitable for a range of occasions, from casual outings to more polished events. Complete your look with this versatile  shoes — a wardrobe essential.",product_images\Women\clarks_black_sizes_5d6d7d_uk_300kjpeg_112\image_1.jpeg
113,Black Shoes,,shoes,Women,,Black,300000,Add  Black to your collection — quality women shoes crafted for the modern individual. Order now!,"The  Black shoes is a premium women shoes designed to offer exceptional quality and style. Featuring a carefully crafted silhouette, this piece combines classic aesthetics with modern comfort. Made from high-quality materials, it ensures durability and a refined look.. Suitable for a range of occasions, from casual outings to more polished events. Complete your look with this versatile  shoes — a wardrobe essential.",product_images\Women\clarks_black_sizes_5d6d7d_ukjpeg_113\image_1.jpeg
114,CLARKS Black Shoes,CLARKS,shoes,Women,,Black,500000,Shop the  Black shoes — a stylish women shoes that blends comfort with timeless design. Perfect for elevating your wardrobe.,"The  Black shoes is a premium women shoes designed to offer exceptional quality and style. Featuring a carefully crafted silhouette, this piece combines classic aesthetics with modern comfort. Made from high-quality materials, it ensures durability and a refined look.. Suitable for a range of occasions, from casual outings to more polished events. Complete your look with this versatile  shoes — a wardrobe essential.",product_images\Women\clarks_black_size_8d_uk_500kjpeg_114\image_1.jpeg
115,CLARKS Black Shoes,CLARKS,shoes,Women,,Black,500000,Shop the  Black shoes — a stylish women shoes that blends comfort with timeless design. Perfect for elevating your wardrobe.,"The  Black shoes is a premium women shoes designed to offer exceptional quality and style. Featuring a carefully crafted silhouette, this piece combines classic aesthetics with modern comfort. Made from high-quality materials, it ensures durability and a refined look.. Suitable for a range of occasions, from casual outings to more polished events. Complete your look with this versatile  shoes — a wardrobe essential.",product_images\Women\clarks_black_size_8d_ukjpeg_115\image_1.jpeg
116,Clarks Black Shoes,Clarks,shoes,Women,,Black,400000,Add  Black to your collection — quality women shoes crafted for the modern individual. Order now!,"The  Black shoes is a premium women shoes designed to offer exceptional quality and style. Featuring a carefully crafted silhouette, this piece combines classic aesthetics with modern comfort. Made from high-quality materials, it ensures durability and a refined look.. Suitable for a range of occasions, from casual outings to more polished events. Complete your look with this versatile  shoes — a wardrobe essential.",product_images\Women\clarks_black_kitten_heel_size_45_uk_jpeg_116\image_1.jpeg
117,Clarks Print Shoes,Clarks,shoes,Women,,Print,300000,Shop the  Print shoes — a stylish women shoes that blends comfort with timeless design. Perfect for elevating your wardrobe.,"The  Print shoes is a premium women shoes designed to offer exceptional quality and style. Featuring a carefully crafted silhouette, this piece combines classic aesthetics with modern comfort. Made from high-quality materials, it ensures durability and a refined look.. Suitable for a range of occasions, from casual outings to more polished events. Complete your look with this versatile  shoes — a wardrobe essential.",product_images\Women\clarks_snake_print_size_4ejpeg_117\image_1.jpeg
118,Clarks Print Shoes (6D UK),Clarks,shoes,Women,6D UK,Print,300000,Add  Print to your collection — quality women shoes crafted for the modern individual. Order now!,"The  Print shoes is a premium women shoes designed to offer exceptional quality and style. Featuring a carefully crafted silhouette, this piece combines classic aesthetics with modern comfort. Made from high-quality materials, it ensures durability and a refined look.. Suitable for a range of occasions, from casual outings to more polished events. Complete your look with this versatile  shoes — a wardrobe essential.",product_images\Women\clarks_snake_print_size_6d_ukjpeg_118\image_1.jpeg
119,French Connection Maroon Shoes,French Connection,shoes,Women,,Maroon,350000,"Discover  Maroon shoes — where elegance meets everyday comfort. Great value, lasting impression.","The  Maroon shoes is a premium women shoes designed to offer exceptional quality and style. Featuring a carefully crafted silhouette, this piece combines classic aesthetics with modern comfort. Made from high-quality materials, it ensures durability and a refined look.. Suitable for a range of occasions, from casual outings to more polished events. Complete your look with this versatile  shoes — a wardrobe essential.",product_images\Women\french_connection_maroon_size_65_uk_350kjpeg_119\image_1.jpeg
120,French Connection Maroon Shoes,French Connection,shoes,Women,,Maroon,350000,The  Maroon shoes delivers premium quality with an impeccable fit. A must-have for discerning shoppers.,"The  Maroon shoes is a premium women shoes designed to offer exceptional quality and style. Featuring a carefully crafted silhouette, this piece combines classic aesthetics with modern comfort. Made from high-quality materials, it ensures durability and a refined look.. Suitable for a range of occasions, from casual outings to more polished events. Complete your look with this versatile  shoes — a wardrobe essential.",product_images\Women\french_connection_maroon_size_65_ukjpeg_120\image_1.jpeg
121,Guess Red Shoes (8.5 US),Guess,shoes,Women,8.5 US,Red,450000,"Discover  Red shoes — where elegance meets everyday comfort. Great value, lasting impression.","The  Red shoes is a premium women shoes designed to offer exceptional quality and style. Featuring a carefully crafted silhouette, this piece combines classic aesthetics with modern comfort. Made from high-quality materials, it ensures durability and a refined look.. Suitable for a range of occasions, from casual outings to more polished events. Complete your look with this versatile  shoes — a wardrobe essential.",product_images\Women\guess_red_size_85_usjpeg_121\image_1.jpeg
122,JEWEL Stone Shoes (10 US),JEWEL,shoes,Women,10 US,Stone,600000,Shop the  Stone shoes — a stylish women shoes that blends comfort with timeless design. Perfect for elevating your wardrobe.,"The  Stone shoes is a premium women shoes designed to offer exceptional quality and style. Featuring a carefully crafted silhouette, this piece combines classic aesthetics with modern comfort. Made from high-quality materials, it ensures durability and a refined look.. Suitable for a range of occasions, from casual outings to more polished events. Complete your look with this versatile  shoes — a wardrobe essential.",product_images\Women\jewel_sliver_stone_size_10us_600kjpeg_122\image_1.jpeg
123,JEWEL Stone Shoes (10 US),JEWEL,shoes,Women,10 US,Stone,600000,Shop the  Stone shoes — a stylish women shoes that blends comfort with timeless design. Perfect for elevating your wardrobe.,"The  Stone shoes is a premium women shoes designed to offer exceptional quality and style. Featuring a carefully crafted silhouette, this piece combines classic aesthetics with modern comfort. Made from high-quality materials, it ensures durability and a refined look.. Suitable for a range of occasions, from casual outings to more polished events. Complete your look with this versatile  shoes — a wardrobe essential.",product_images\Women\jewel_sliver_stone_size_10usjpeg_123\image_1.jpeg
124,MNG Black Shoes,MNG,shoes,Women,,Black,325000,Add  Black to your collection — quality women shoes crafted for the modern individual. Order now!,"The  Black shoes is a premium women shoes designed to offer exceptional quality and style. Featuring a carefully crafted silhouette, this piece combines classic aesthetics with modern comfort. Made from high-quality materials, it ensures durability and a refined look.. Suitable for a range of occasions, from casual outings to more polished events. Complete your look with this versatile  shoes — a wardrobe essential.",product_images\Women\mng_black_sizes_39_40jpeg_124\image_1.jpeg
125,MNG Black Shoes,MNG,shoes,Women,,Black,400000,Shop the  Black shoes — a stylish women shoes that blends comfort with timeless design. Perfect for elevating your wardrobe.,"The  Black shoes is a premium women shoes designed to offer exceptional quality and style. Featuring a carefully crafted silhouette, this piece combines classic aesthetics with modern comfort. Made from high-quality materials, it ensures durability and a refined look.. Suitable for a range of occasions, from casual outings to more polished events. Complete your look with this versatile  shoes — a wardrobe essential.",product_images\Women\mngblack_size_41jpeg_125\image_1.jpeg
126,Nine West Nude Shoes (7 M),Nine West,shoes,Women,7 M,Nude,300000,The  Nude shoes delivers premium quality with an impeccable fit. A must-have for discerning shoppers.,"The  Nude shoes is a premium women shoes designed to offer exceptional quality and style. Featuring a carefully crafted silhouette, this piece combines classic aesthetics with modern comfort. Made from high-quality materials, it ensures durability and a refined look.. Suitable for a range of occasions, from casual outings to more polished events. Complete your look with this versatile  shoes — a wardrobe essential.",product_images\Women\nine_west_nude_size_7m_uk_300kjpeg_126\image_1.jpeg|product_images\Women\nine_west_nude_size_7m_uk_300kjpeg_126\image_2.jpeg
127,Ralph Lauren Brown Shoes,Ralph Lauren,shoes,Women,,Brown,400000,"Discover  Brown shoes — where elegance meets everyday comfort. Great value, lasting impression.","The  Brown shoes is a premium women shoes designed to offer exceptional quality and style. Featuring a carefully crafted silhouette, this piece combines classic aesthetics with modern comfort. Made from high-quality materials, it ensures durability and a refined look.. Suitable for a range of occasions, from casual outings to more polished events. Complete your look with this versatile  shoes — a wardrobe essential.",product_images\Women\ralph_lauren_brown_8b_usjpeg_127\image_1.jpeg
128,Navy Shoes (8 US),,shoes,Women,8 US,Navy,200000,The  Navy shoes delivers premium quality with an impeccable fit. A must-have for discerning shoppers.,"The  Navy shoes is a premium women shoes designed to offer exceptional quality and style. Featuring a carefully crafted silhouette, this piece combines classic aesthetics with modern comfort. Made from high-quality materials, it ensures durability and a refined look.. Suitable for a range of occasions, from casual outings to more polished events. Complete your look with this versatile  shoes — a wardrobe essential.",product_images\Women\style_co_navy_size_8us_200kjpeg_128\image_1.jpeg
129,Navy Shoes (8 US),,shoes,Women,8 US,Navy,200000,Add  Navy to your collection — quality women shoes crafted for the modern individual. Order now!,"The  Navy shoes is a premium women shoes designed to offer exceptional quality and style. Featuring a carefully crafted silhouette, this piece combines classic aesthetics with modern comfort. Made from high-quality materials, it ensures durability and a refined look.. Suitable for a range of occasions, from casual outings to more polished events. Complete your look with this versatile  shoes — a wardrobe essential.",product_images\Women\style_co_navy_size_8usjpeg_129\image_1.jpeg
130,Ted Baker Black Shoes,Ted Baker,shoes,Women,,Black,400000,Add  Black to your collection — quality women shoes crafted for the modern individual. Order now!,"The  Black shoes is a premium women shoes designed to offer exceptional quality and style. Featuring a carefully crafted silhouette, this piece combines classic aesthetics with modern comfort. Made from high-quality materials, it ensures durability and a refined look.. Suitable for a range of occasions, from casual outings to more polished events. Complete your look with this versatile  shoes — a wardrobe essential.",product_images\Women\ted_baker_black_size_6ukjpeg_130\image_1.jpeg
131,Toms Grey Shoes,Toms,shoes,Women,,Grey,200000,The  Grey shoes delivers premium quality with an impeccable fit. A must-have for discerning shoppers.,"The  Grey shoes is a premium women shoes designed to offer exceptional quality and style. Featuring a carefully crafted silhouette, this piece combines classic aesthetics with modern comfort. Made from high-quality materials, it ensures durability and a refined look.. Suitable for a range of occasions, from casual outings to more polished events. Complete your look with this versatile  shoes — a wardrobe essential.",product_images\Women\toms_grey_size_8uk_200kjpeg_131\image_1.jpeg|product_images\Women\toms_grey_size_8uk_200kjpeg_131\image_2.jpeg
132,Red Shoes,,shoes,Women,,Red,250000,The  Red shoes delivers premium quality with an impeccable fit. A must-have for discerning shoppers.,"The  Red shoes is a premium women shoes designed to offer exceptional quality and style. Featuring a carefully crafted silhouette, this piece combines classic aesthetics with modern comfort. Made from high-quality materials, it ensures durability and a refined look.. Suitable for a range of occasions, from casual outings to more polished events. Complete your look with this versatile  shoes — a wardrobe essential.",product_images\Women\toms_red_size_8uk_250kjpeg_132\image_1.jpeg|product_images\Women\toms_red_size_8uk_250kjpeg_132\image_2.jpeg
133,Vince Camuto Black Shoes (9.5 US),Vince Camuto,shoes,Women,9.5 US,Black,350000,Shop the  Black shoes — a stylish women shoes that blends comfort with timeless design. Perfect for elevating your wardrobe.,"The  Black shoes is a premium women shoes designed to offer exceptional quality and style. Featuring a carefully crafted silhouette, this piece combines classic aesthetics with modern comfort. Made from high-quality materials, it ensures durability and a refined look.. Suitable for a range of occasions, from casual outings to more polished events. Complete your look with this versatile  shoes — a wardrobe essential.",product_images\Women\vince_camuto_black_size_95usjpeg_133\image_1.jpeg
134,Zara Maroon Shoes,Zara,shoes,Women,,Maroon,450000,Add  Maroon to your collection — quality women shoes crafted for the modern individual. Order now!,"The  Maroon shoes is a premium women shoes designed to offer exceptional quality and style. Featuring a carefully crafted silhouette, this piece combines classic aesthetics with modern comfort. Made from high-quality materials, it ensures durability and a refined look.. Suitable for a range of occasions, from casual outings to more polished events. Complete your look with this versatile  shoes — a wardrobe essential.",product_images\Women\zara_maroon_size_40_1_sizejpeg_134\image_1.jpeg
135,Zara Maroon Shoes,Zara,shoes,Women,,Maroon,450000,Add  Maroon to your collection — quality women shoes crafted for the modern individual. Order now!,"The  Maroon shoes is a premium women shoes designed to offer exceptional quality and style. Featuring a carefully crafted silhouette, this piece combines classic aesthetics with modern comfort. Made from high-quality materials, it ensures durability and a refined look.. Suitable for a range of occasions, from casual outings to more polished events. Complete your look with this versatile  shoes — a wardrobe essential.",product_images\Women\zara_maroon_size_40_size_39jpeg_135\image_1.jpeg
136,Zara Maroon Shoes,Zara,shoes,Women,,Maroon,450000,Add  Maroon to your collection — quality women shoes crafted for the modern individual. Order now!,"The  Maroon shoes is a premium women shoes designed to offer exceptional quality and style. Featuring a carefully crafted silhouette, this piece combines classic aesthetics with modern comfort. Made from high-quality materials, it ensures durability and a refined look.. Suitable for a range of occasions, from casual outings to more polished events. Complete your look with this versatile  shoes — a wardrobe essential.",product_images\Women\zara_maroon_size_40jpeg_136\image_1.jpeg
137,Zara Checked Waist-Coats,Zara,waist-coats,Women,,Checked,250000,The  Checked waist-coats delivers premium quality with an impeccable fit. A must-have for discerning shoppers.,"The  Checked waist-coats is a premium women waist-coats designed to offer exceptional quality and style. Featuring a carefully crafted silhouette, this piece combines classic aesthetics with modern comfort. Made from high-quality materials, it ensures durability and a refined look.. Suitable for a range of occasions, from casual outings to more polished events. Complete your look with this versatile  waist-coats — a wardrobe essential.",product_images\Women\zarachecked_size_sjpeg_137\image_1.jpeg
